col,max
Open,91.29000092
High,91.68000031
Low,89.61499786
Close,91.29000092
Adj Close,91.29000092
Volume,93472258
